month,irrigation_m3_baseline,max_delivery_m3_assumed,notes
2000-01-01,15216.7661432377,17499,Assumed: max delivery = 1.15 * baseline irrigation demand. Replace with canal/pump capacity data if available.
2000-02-01,14391.96643096528,16551,Assumed: max delivery = 1.15 * baseline irrigation demand. Replace with canal/pump capacity data if available.
2000-03-01,40262.61756543419,46302,Assumed: max delivery = 1.15 * baseline irrigation demand. Replace with canal/pump capacity data if available.
2000-04-01,47648.9229479494,54796,Assumed: max delivery = 1.15 * baseline irrigation demand. Replace with canal/pump capacity data if available.
2000-05-01,51936.49735984484,59727,Assumed: max delivery = 1.15 * baseline irrigation demand. Replace with canal/pump capacity data if available.
2000-06-01,46309.9630852116,53256,Assumed: max delivery = 1.15 * baseline irrigation demand. Replace with canal/pump capacity data if available.
2000-07-01,47853.62852138531,55032,Assumed: max delivery = 1.15 * baseline irrigation demand. Replace with canal/pump capacity data if available.
2000-08-01,38793.04079376186,44612,Assumed: max delivery = 1.15 * baseline irrigation demand. Replace with canal/pump capacity data if available.
2000-09-01,38823.82434280362,44647,Assumed: max delivery = 1.15 * baseline irrigation demand. Replace with canal/pump capacity data if available.
2000-10-01,40675.08614857421,46776,Assumed: max delivery = 1.15 * baseline irrigation demand. Replace with canal/pump capacity data if available.
2000-11-01,21736.22097145711,24997,Assumed: max delivery = 1.15 * baseline irrigation demand. Replace with canal/pump capacity data if available.
2000-12-01,11749.42747486615,13512,Assumed: max delivery = 1.15 * baseline irrigation demand. Replace with canal/pump capacity data if available.
2001-01-01,11749.42747486615,13512,Assumed: max delivery = 1.15 * baseline irrigation demand. Replace with canal/pump capacity data if available.
2001-02-01,10754.33383360344,12367,Assumed: max delivery = 1.15 * baseline irrigation demand. Replace with canal/pump capacity data if available.
2001-03-01,19451.97930605862,22370,Assumed: max delivery = 1.15 * baseline irrigation demand. Replace with canal/pump capacity data if available.
2001-04-01,19170.12006753335,22046,Assumed: max delivery = 1.15 * baseline irrigation demand. Replace with canal/pump capacity data if available.
2001-05-01,19809.12406978446,22780,Assumed: max delivery = 1.15 * baseline irrigation demand. Replace with canal/pump capacity data if available.
2001-06-01,93858.6645119778,107937,Assumed: max delivery = 1.15 * baseline irrigation demand. Replace with canal/pump capacity data if available.
2001-07-01,96845.1347499683,111372,Assumed: max delivery = 1.15 * baseline irrigation demand. Replace with canal/pump capacity data if available.
2001-08-01,69326.06770245545,79725,Assumed: max delivery = 1.15 * baseline irrigation demand. Replace with canal/pump capacity data if available.
2001-09-01,27295.54958247734,31390,Assumed: max delivery = 1.15 * baseline irrigation demand. Replace with canal/pump capacity data if available.
2001-10-01,36132.15262078054,41552,Assumed: max delivery = 1.15 * baseline irrigation demand. Replace with canal/pump capacity data if available.
2001-11-01,20349.08948615296,23401,Assumed: max delivery = 1.15 * baseline irrigation demand. Replace with canal/pump capacity data if available.
2001-12-01,11776.10466902473,13543,Assumed: max delivery = 1.15 * baseline irrigation demand. Replace with canal/pump capacity data if available.
2002-01-01,11776.10466902473,13543,Assumed: max delivery = 1.15 * baseline irrigation demand. Replace with canal/pump capacity data if available.
2002-02-01,10778.42936381119,12395,Assumed: max delivery = 1.15 * baseline irrigation demand. Replace with canal/pump capacity data if available.
2002-03-01,22624.41933691034,26018,Assumed: max delivery = 1.15 * baseline irrigation demand. Replace with canal/pump capacity data if available.
2002-04-01,30105.55192993936,34621,Assumed: max delivery = 1.15 * baseline irrigation demand. Replace with canal/pump capacity data if available.
2002-05-01,50259.93379052491,57799,Assumed: max delivery = 1.15 * baseline irrigation demand. Replace with canal/pump capacity data if available.
2002-06-01,48665.40115831194,55965,Assumed: max delivery = 1.15 * baseline irrigation demand. Replace with canal/pump capacity data if available.
2002-07-01,50287.58119692234,57831,Assumed: max delivery = 1.15 * baseline irrigation demand. Replace with canal/pump capacity data if available.
2002-08-01,48763.93860322746,56079,Assumed: max delivery = 1.15 * baseline irrigation demand. Replace with canal/pump capacity data if available.
2002-09-01,55050.20811714241,63308,Assumed: max delivery = 1.15 * baseline irrigation demand. Replace with canal/pump capacity data if available.
2002-10-01,55024.30609602348,63278,Assumed: max delivery = 1.15 * baseline irrigation demand. Replace with canal/pump capacity data if available.
2002-11-01,31902.67654096332,36688,Assumed: max delivery = 1.15 * baseline irrigation demand. Replace with canal/pump capacity data if available.
2002-12-01,16808.31870279388,19330,Assumed: max delivery = 1.15 * baseline irrigation demand. Replace with canal/pump capacity data if available.
2003-01-01,16808.31870279388,19330,Assumed: max delivery = 1.15 * baseline irrigation demand. Replace with canal/pump capacity data if available.
2003-02-01,15323.65494269945,17622,Assumed: max delivery = 1.15 * baseline irrigation demand. Replace with canal/pump capacity data if available.
2003-03-01,31772.69901571055,36539,Assumed: max delivery = 1.15 * baseline irrigation demand. Replace with canal/pump capacity data if available.
2003-04-01,31698.17711306638,36453,Assumed: max delivery = 1.15 * baseline irrigation demand. Replace with canal/pump capacity data if available.
2003-05-01,31741.2715925759,36502,Assumed: max delivery = 1.15 * baseline irrigation demand. Replace with canal/pump capacity data if available.
2003-06-01,73839.16030266056,84915,Assumed: max delivery = 1.15 * baseline irrigation demand. Replace with canal/pump capacity data if available.
2003-07-01,74357.81195265193,85511,Assumed: max delivery = 1.15 * baseline irrigation demand. Replace with canal/pump capacity data if available.
2003-08-01,55625.249477715,63969,Assumed: max delivery = 1.15 * baseline irrigation demand. Replace with canal/pump capacity data if available.
2003-09-01,31061.80245574018,35721,Assumed: max delivery = 1.15 * baseline irrigation demand. Replace with canal/pump capacity data if available.
2003-10-01,37566.40068741694,43201,Assumed: max delivery = 1.15 * baseline irrigation demand. Replace with canal/pump capacity data if available.
2003-11-01,19100.80926568909,21966,Assumed: max delivery = 1.15 * baseline irrigation demand. Replace with canal/pump capacity data if available.
2003-12-01,12247.77578723919,14085,Assumed: max delivery = 1.15 * baseline irrigation demand. Replace with canal/pump capacity data if available.
2004-01-01,12247.77578723919,14085,Assumed: max delivery = 1.15 * baseline irrigation demand. Replace with canal/pump capacity data if available.
2004-02-01,11614.5238398699,13357,Assumed: max delivery = 1.15 * baseline irrigation demand. Replace with canal/pump capacity data if available.
2004-03-01,21834.35640973416,25110,Assumed: max delivery = 1.15 * baseline irrigation demand. Replace with canal/pump capacity data if available.
2004-04-01,38747.20945359192,44559,Assumed: max delivery = 1.15 * baseline irrigation demand. Replace with canal/pump capacity data if available.
2004-05-01,40898.71728258343,47034,Assumed: max delivery = 1.15 * baseline irrigation demand. Replace with canal/pump capacity data if available.
2004-06-01,46212.93770931861,53145,Assumed: max delivery = 1.15 * baseline irrigation demand. Replace with canal/pump capacity data if available.
2004-07-01,47631.78151175044,54777,Assumed: max delivery = 1.15 * baseline irrigation demand. Replace with canal/pump capacity data if available.
2004-08-01,45062.72975459557,51822,Assumed: max delivery = 1.15 * baseline irrigation demand. Replace with canal/pump capacity data if available.
2004-09-01,29710.52036977937,34167,Assumed: max delivery = 1.15 * baseline irrigation demand. Replace with canal/pump capacity data if available.
2004-10-01,38308.86920562995,44055,Assumed: max delivery = 1.15 * baseline irrigation demand. Replace with canal/pump capacity data if available.
2004-11-01,26014.08797694252,29916,Assumed: max delivery = 1.15 * baseline irrigation demand. Replace with canal/pump capacity data if available.
2004-12-01,18516.7359178406,21294,Assumed: max delivery = 1.15 * baseline irrigation demand. Replace with canal/pump capacity data if available.
2005-01-01,18516.7359178406,21294,Assumed: max delivery = 1.15 * baseline irrigation demand. Replace with canal/pump capacity data if available.
2005-02-01,16866.74145951585,19397,Assumed: max delivery = 1.15 * baseline irrigation demand. Replace with canal/pump capacity data if available.
2005-03-01,30193.41386044612,34722,Assumed: max delivery = 1.15 * baseline irrigation demand. Replace with canal/pump capacity data if available.
2005-04-01,34030.65837602311,39135,Assumed: max delivery = 1.15 * baseline irrigation demand. Replace with canal/pump capacity data if available.
2005-05-01,40747.82260242318,46860,Assumed: max delivery = 1.15 * baseline irrigation demand. Replace with canal/pump capacity data if available.
2005-06-01,82167.9945976371,94493,Assumed: max delivery = 1.15 * baseline irrigation demand. Replace with canal/pump capacity data if available.
2005-07-01,81271.97148081867,93463,Assumed: max delivery = 1.15 * baseline irrigation demand. Replace with canal/pump capacity data if available.
2005-08-01,60669.04359645239,69769,Assumed: max delivery = 1.15 * baseline irrigation demand. Replace with canal/pump capacity data if available.
2005-09-01,37486.24709866406,43109,Assumed: max delivery = 1.15 * baseline irrigation demand. Replace with canal/pump capacity data if available.
2005-10-01,49167.50854901336,56543,Assumed: max delivery = 1.15 * baseline irrigation demand. Replace with canal/pump capacity data if available.
2005-11-01,28361.81174790865,32616,Assumed: max delivery = 1.15 * baseline irrigation demand. Replace with canal/pump capacity data if available.
2005-12-01,15300.37474842033,17595,Assumed: max delivery = 1.15 * baseline irrigation demand. Replace with canal/pump capacity data if available.
2006-01-01,15300.37474842033,17595,Assumed: max delivery = 1.15 * baseline irrigation demand. Replace with canal/pump capacity data if available.
2006-02-01,13961.64104842657,16056,Assumed: max delivery = 1.15 * baseline irrigation demand. Replace with canal/pump capacity data if available.
2006-03-01,33783.09255329701,38851,Assumed: max delivery = 1.15 * baseline irrigation demand. Replace with canal/pump capacity data if available.
2006-04-01,39126.7471765294,44996,Assumed: max delivery = 1.15 * baseline irrigation demand. Replace with canal/pump capacity data if available.
2006-05-01,36849.80016857671,42377,Assumed: max delivery = 1.15 * baseline irrigation demand. Replace with canal/pump capacity data if available.
2006-06-01,38204.87793975018,43936,Assumed: max delivery = 1.15 * baseline irrigation demand. Replace with canal/pump capacity data if available.
2006-07-01,39478.37387107518,45400,Assumed: max delivery = 1.15 * baseline irrigation demand. Replace with canal/pump capacity data if available.
2006-08-01,37274.15075379123,42865,Assumed: max delivery = 1.15 * baseline irrigation demand. Replace with canal/pump capacity data if available.
2006-09-01,23574.13977342047,27110,Assumed: max delivery = 1.15 * baseline irrigation demand. Replace with canal/pump capacity data if available.
2006-10-01,30308.05861476466,34854,Assumed: max delivery = 1.15 * baseline irrigation demand. Replace with canal/pump capacity data if available.
2006-11-01,22965.59104490613,26410,Assumed: max delivery = 1.15 * baseline irrigation demand. Replace with canal/pump capacity data if available.
2006-12-01,20095.941671403,23110,Assumed: max delivery = 1.15 * baseline irrigation demand. Replace with canal/pump capacity data if available.
2007-01-01,20095.941671403,23110,Assumed: max delivery = 1.15 * baseline irrigation demand. Replace with canal/pump capacity data if available.
2007-02-01,18293.12084983028,21037,Assumed: max delivery = 1.15 * baseline irrigation demand. Replace with canal/pump capacity data if available.
2007-03-01,33925.10956838495,39014,Assumed: max delivery = 1.15 * baseline irrigation demand. Replace with canal/pump capacity data if available.
2007-04-01,48019.72319896836,55223,Assumed: max delivery = 1.15 * baseline irrigation demand. Replace with canal/pump capacity data if available.
2007-05-01,52499.29434656572,60374,Assumed: max delivery = 1.15 * baseline irrigation demand. Replace with canal/pump capacity data if available.
2007-06-01,69818.52404200574,80291,Assumed: max delivery = 1.15 * baseline irrigation demand. Replace with canal/pump capacity data if available.
2007-07-01,68818.15839571737,79141,Assumed: max delivery = 1.15 * baseline irrigation demand. Replace with canal/pump capacity data if available.
2007-08-01,59198.43394823156,68078,Assumed: max delivery = 1.15 * baseline irrigation demand. Replace with canal/pump capacity data if available.
2007-09-01,29966.81989777085,34462,Assumed: max delivery = 1.15 * baseline irrigation demand. Replace with canal/pump capacity data if available.
2007-10-01,29634.72022781766,34080,Assumed: max delivery = 1.15 * baseline irrigation demand. Replace with canal/pump capacity data if available.
2007-11-01,17350.02081371088,19953,Assumed: max delivery = 1.15 * baseline irrigation demand. Replace with canal/pump capacity data if available.
2007-12-01,11868.83637833458,13649,Assumed: max delivery = 1.15 * baseline irrigation demand. Replace with canal/pump capacity data if available.
2008-01-01,11868.83637833458,13649,Assumed: max delivery = 1.15 * baseline irrigation demand. Replace with canal/pump capacity data if available.
2008-02-01,11260.03213476558,12949,Assumed: max delivery = 1.15 * baseline irrigation demand. Replace with canal/pump capacity data if available.
2008-03-01,25822.06121556438,29695,Assumed: max delivery = 1.15 * baseline irrigation demand. Replace with canal/pump capacity data if available.
2008-04-01,36707.83431082962,42214,Assumed: max delivery = 1.15 * baseline irrigation demand. Replace with canal/pump capacity data if available.
2008-05-01,45989.02275782735,52887,Assumed: max delivery = 1.15 * baseline irrigation demand. Replace with canal/pump capacity data if available.
2008-06-01,67138.78444242617,77210,Assumed: max delivery = 1.15 * baseline irrigation demand. Replace with canal/pump capacity data if available.
2008-07-01,69140.60057838583,79512,Assumed: max delivery = 1.15 * baseline irrigation demand. Replace with canal/pump capacity data if available.
2008-08-01,50688.13713889169,58291,Assumed: max delivery = 1.15 * baseline irrigation demand. Replace with canal/pump capacity data if available.
2008-09-01,42623.98270258882,49018,Assumed: max delivery = 1.15 * baseline irrigation demand. Replace with canal/pump capacity data if available.
2008-10-01,52251.29618453187,60089,Assumed: max delivery = 1.15 * baseline irrigation demand. Replace with canal/pump capacity data if available.
2008-11-01,28955.83222170855,33299,Assumed: max delivery = 1.15 * baseline irrigation demand. Replace with canal/pump capacity data if available.
2008-12-01,13319.84650206395,15318,Assumed: max delivery = 1.15 * baseline irrigation demand. Replace with canal/pump capacity data if available.
2009-01-01,13319.84650206395,15318,Assumed: max delivery = 1.15 * baseline irrigation demand. Replace with canal/pump capacity data if available.
2009-02-01,12172.77682591113,13999,Assumed: max delivery = 1.15 * baseline irrigation demand. Replace with canal/pump capacity data if available.
2009-03-01,43306.58761223853,49803,Assumed: max delivery = 1.15 * baseline irrigation demand. Replace with canal/pump capacity data if available.
2009-04-01,58067.38440898048,66777,Assumed: max delivery = 1.15 * baseline irrigation demand. Replace with canal/pump capacity data if available.
2009-05-01,58821.75129842736,67645,Assumed: max delivery = 1.15 * baseline irrigation demand. Replace with canal/pump capacity data if available.
2009-06-01,48130.03541625816,55350,Assumed: max delivery = 1.15 * baseline irrigation demand. Replace with canal/pump capacity data if available.
2009-07-01,49592.21801772468,57031,Assumed: max delivery = 1.15 * baseline irrigation demand. Replace with canal/pump capacity data if available.
2009-08-01,33953.20741035734,39046,Assumed: max delivery = 1.15 * baseline irrigation demand. Replace with canal/pump capacity data if available.
2009-09-01,26614.68347863201,30607,Assumed: max delivery = 1.15 * baseline irrigation demand. Replace with canal/pump capacity data if available.
2009-10-01,32496.73554835025,37371,Assumed: max delivery = 1.15 * baseline irrigation demand. Replace with canal/pump capacity data if available.
2009-11-01,18896.26058313945,21731,Assumed: max delivery = 1.15 * baseline irrigation demand. Replace with canal/pump capacity data if available.
2009-12-01,12306.09079201542,14152,Assumed: max delivery = 1.15 * baseline irrigation demand. Replace with canal/pump capacity data if available.
2010-01-01,12306.09079201542,14152,Assumed: max delivery = 1.15 * baseline irrigation demand. Replace with canal/pump capacity data if available.
2010-02-01,11257.12650715762,12946,Assumed: max delivery = 1.15 * baseline irrigation demand. Replace with canal/pump capacity data if available.
2010-03-01,28210.30145107258,32442,Assumed: max delivery = 1.15 * baseline irrigation demand. Replace with canal/pump capacity data if available.
2010-04-01,28630.45345739854,32925,Assumed: max delivery = 1.15 * baseline irrigation demand. Replace with canal/pump capacity data if available.
2010-05-01,28706.23895861007,33012,Assumed: max delivery = 1.15 * baseline irrigation demand. Replace with canal/pump capacity data if available.
2010-06-01,53557.46857520513,61591,Assumed: max delivery = 1.15 * baseline irrigation demand. Replace with canal/pump capacity data if available.
2010-07-01,55225.09708975577,63509,Assumed: max delivery = 1.15 * baseline irrigation demand. Replace with canal/pump capacity data if available.
2010-08-01,43498.23945088699,50023,Assumed: max delivery = 1.15 * baseline irrigation demand. Replace with canal/pump capacity data if available.
2010-09-01,30800.84161417979,35421,Assumed: max delivery = 1.15 * baseline irrigation demand. Replace with canal/pump capacity data if available.
2010-10-01,40724.4986618753,46833,Assumed: max delivery = 1.15 * baseline irrigation demand. Replace with canal/pump capacity data if available.
2010-11-01,22861.99353351186,26291,Assumed: max delivery = 1.15 * baseline irrigation demand. Replace with canal/pump capacity data if available.
2010-12-01,15259.57165962892,17549,Assumed: max delivery = 1.15 * baseline irrigation demand. Replace with canal/pump capacity data if available.
2011-01-01,15259.57165962892,17549,Assumed: max delivery = 1.15 * baseline irrigation demand. Replace with canal/pump capacity data if available.
2011-02-01,13924.78664564724,16014,Assumed: max delivery = 1.15 * baseline irrigation demand. Replace with canal/pump capacity data if available.
2011-03-01,31527.9384595714,36257,Assumed: max delivery = 1.15 * baseline irrigation demand. Replace with canal/pump capacity data if available.
2011-04-01,42298.61258575151,48643,Assumed: max delivery = 1.15 * baseline irrigation demand. Replace with canal/pump capacity data if available.
2011-05-01,47895.3698897727,55080,Assumed: max delivery = 1.15 * baseline irrigation demand. Replace with canal/pump capacity data if available.
2011-06-01,66322.1885134001,76271,Assumed: max delivery = 1.15 * baseline irrigation demand. Replace with canal/pump capacity data if available.
2011-07-01,66579.0888969368,76566,Assumed: max delivery = 1.15 * baseline irrigation demand. Replace with canal/pump capacity data if available.
2011-08-01,42308.21601592166,48654,Assumed: max delivery = 1.15 * baseline irrigation demand. Replace with canal/pump capacity data if available.
2011-09-01,35977.35671373837,41374,Assumed: max delivery = 1.15 * baseline irrigation demand. Replace with canal/pump capacity data if available.
2011-10-01,45671.85847907559,52523,Assumed: max delivery = 1.15 * baseline irrigation demand. Replace with canal/pump capacity data if available.
2011-11-01,25983.29916036061,29881,Assumed: max delivery = 1.15 * baseline irrigation demand. Replace with canal/pump capacity data if available.
2011-12-01,13112.26038469821,15079,Assumed: max delivery = 1.15 * baseline irrigation demand. Replace with canal/pump capacity data if available.
2012-01-01,13112.26038469821,15079,Assumed: max delivery = 1.15 * baseline irrigation demand. Replace with canal/pump capacity data if available.
2012-02-01,12423.23523749285,14287,Assumed: max delivery = 1.15 * baseline irrigation demand. Replace with canal/pump capacity data if available.
2012-03-01,20996.62529666686,24146,Assumed: max delivery = 1.15 * baseline irrigation demand. Replace with canal/pump capacity data if available.
2012-04-01,38781.25976161847,44598,Assumed: max delivery = 1.15 * baseline irrigation demand. Replace with canal/pump capacity data if available.
2012-05-01,40707.1056712143,46813,Assumed: max delivery = 1.15 * baseline irrigation demand. Replace with canal/pump capacity data if available.
2012-06-01,65409.02354527272,75220,Assumed: max delivery = 1.15 * baseline irrigation demand. Replace with canal/pump capacity data if available.
2012-07-01,66711.4137555697,76718,Assumed: max delivery = 1.15 * baseline irrigation demand. Replace with canal/pump capacity data if available.
2012-08-01,56460.98351785925,64930,Assumed: max delivery = 1.15 * baseline irrigation demand. Replace with canal/pump capacity data if available.
2012-09-01,29066.54048691072,33427,Assumed: max delivery = 1.15 * baseline irrigation demand. Replace with canal/pump capacity data if available.
2012-10-01,39047.41781026047,44905,Assumed: max delivery = 1.15 * baseline irrigation demand. Replace with canal/pump capacity data if available.
2012-11-01,24209.85927969396,27841,Assumed: max delivery = 1.15 * baseline irrigation demand. Replace with canal/pump capacity data if available.
2012-12-01,15495.8848122729,17820,Assumed: max delivery = 1.15 * baseline irrigation demand. Replace with canal/pump capacity data if available.
2013-01-01,15495.8848122729,17820,Assumed: max delivery = 1.15 * baseline irrigation demand. Replace with canal/pump capacity data if available.
2013-02-01,14138.23078351922,16259,Assumed: max delivery = 1.15 * baseline irrigation demand. Replace with canal/pump capacity data if available.
2013-03-01,35249.55398015852,40537,Assumed: max delivery = 1.15 * baseline irrigation demand. Replace with canal/pump capacity data if available.
2013-04-01,35018.99565371292,40272,Assumed: max delivery = 1.15 * baseline irrigation demand. Replace with canal/pump capacity data if available.
2013-05-01,49579.60834935676,57017,Assumed: max delivery = 1.15 * baseline irrigation demand. Replace with canal/pump capacity data if available.
2013-06-01,38283.23068059844,44026,Assumed: max delivery = 1.15 * baseline irrigation demand. Replace with canal/pump capacity data if available.
2013-07-01,37639.45184440428,43285,Assumed: max delivery = 1.15 * baseline irrigation demand. Replace with canal/pump capacity data if available.
2013-08-01,34721.34117313212,39930,Assumed: max delivery = 1.15 * baseline irrigation demand. Replace with canal/pump capacity data if available.
2013-09-01,42173.95642254596,48500,Assumed: max delivery = 1.15 * baseline irrigation demand. Replace with canal/pump capacity data if available.
2013-10-01,42540.16268348328,48921,Assumed: max delivery = 1.15 * baseline irrigation demand. Replace with canal/pump capacity data if available.
2013-11-01,27757.8738823898,31922,Assumed: max delivery = 1.15 * baseline irrigation demand. Replace with canal/pump capacity data if available.
2013-12-01,19601.52107624077,22542,Assumed: max delivery = 1.15 * baseline irrigation demand. Replace with canal/pump capacity data if available.
2014-01-01,19601.52107624077,22542,Assumed: max delivery = 1.15 * baseline irrigation demand. Replace with canal/pump capacity data if available.
2014-02-01,17846.54740903859,20524,Assumed: max delivery = 1.15 * baseline irrigation demand. Replace with canal/pump capacity data if available.
2014-03-01,33608.93247024994,38650,Assumed: max delivery = 1.15 * baseline irrigation demand. Replace with canal/pump capacity data if available.
2014-04-01,42545.13392770769,48927,Assumed: max delivery = 1.15 * baseline irrigation demand. Replace with canal/pump capacity data if available.
2014-05-01,57234.78140314834,65820,Assumed: max delivery = 1.15 * baseline irrigation demand. Replace with canal/pump capacity data if available.
2014-06-01,58555.42334388357,67339,Assumed: max delivery = 1.15 * baseline irrigation demand. Replace with canal/pump capacity data if available.
2014-07-01,57278.88504415414,65871,Assumed: max delivery = 1.15 * baseline irrigation demand. Replace with canal/pump capacity data if available.
2014-08-01,52883.2501309939,60816,Assumed: max delivery = 1.15 * baseline irrigation demand. Replace with canal/pump capacity data if available.
2014-09-01,51393.10119498815,59102,Assumed: max delivery = 1.15 * baseline irrigation demand. Replace with canal/pump capacity data if available.
2014-10-01,57263.50948854824,65853,Assumed: max delivery = 1.15 * baseline irrigation demand. Replace with canal/pump capacity data if available.
2014-11-01,32279.23155736101,37121,Assumed: max delivery = 1.15 * baseline irrigation demand. Replace with canal/pump capacity data if available.
2014-12-01,15300.37474842033,17595,Assumed: max delivery = 1.15 * baseline irrigation demand. Replace with canal/pump capacity data if available.
2015-01-01,15300.37474842033,17595,Assumed: max delivery = 1.15 * baseline irrigation demand. Replace with canal/pump capacity data if available.
2015-02-01,13961.64104842657,16056,Assumed: max delivery = 1.15 * baseline irrigation demand. Replace with canal/pump capacity data if available.
2015-03-01,39964.78070029377,45959,Assumed: max delivery = 1.15 * baseline irrigation demand. Replace with canal/pump capacity data if available.
2015-04-01,40118.51699161925,46136,Assumed: max delivery = 1.15 * baseline irrigation demand. Replace with canal/pump capacity data if available.
2015-05-01,37171.33317837185,42747,Assumed: max delivery = 1.15 * baseline irrigation demand. Replace with canal/pump capacity data if available.
2015-06-01,61849.94040895494,71127,Assumed: max delivery = 1.15 * baseline irrigation demand. Replace with canal/pump capacity data if available.
2015-07-01,63911.60508925344,73498,Assumed: max delivery = 1.15 * baseline irrigation demand. Replace with canal/pump capacity data if available.
2015-08-01,43576.70111934603,50113,Assumed: max delivery = 1.15 * baseline irrigation demand. Replace with canal/pump capacity data if available.
2015-09-01,24909.88917432876,28646,Assumed: max delivery = 1.15 * baseline irrigation demand. Replace with canal/pump capacity data if available.
2015-10-01,27388.93990696294,31497,Assumed: max delivery = 1.15 * baseline irrigation demand. Replace with canal/pump capacity data if available.
2015-11-01,15096.77417301661,17361,Assumed: max delivery = 1.15 * baseline irrigation demand. Replace with canal/pump capacity data if available.
2015-12-01,11411.30864651639,13123,Assumed: max delivery = 1.15 * baseline irrigation demand. Replace with canal/pump capacity data if available.
2016-01-01,11411.30864651639,13123,Assumed: max delivery = 1.15 * baseline irrigation demand. Replace with canal/pump capacity data if available.
2016-02-01,10832.02232112921,12457,Assumed: max delivery = 1.15 * baseline irrigation demand. Replace with canal/pump capacity data if available.
2016-03-01,19295.67355848504,22190,Assumed: max delivery = 1.15 * baseline irrigation demand. Replace with canal/pump capacity data if available.
2016-04-01,37701.88264705338,43357,Assumed: max delivery = 1.15 * baseline irrigation demand. Replace with canal/pump capacity data if available.
2016-05-01,48374.32186366656,55630,Assumed: max delivery = 1.15 * baseline irrigation demand. Replace with canal/pump capacity data if available.
2016-06-01,65996.15483954473,75896,Assumed: max delivery = 1.15 * baseline irrigation demand. Replace with canal/pump capacity data if available.
2016-07-01,68196.02666752957,78425,Assumed: max delivery = 1.15 * baseline irrigation demand. Replace with canal/pump capacity data if available.
2016-08-01,61741.92808728265,71003,Assumed: max delivery = 1.15 * baseline irrigation demand. Replace with canal/pump capacity data if available.
2016-09-01,44239.80223770234,50876,Assumed: max delivery = 1.15 * baseline irrigation demand. Replace with canal/pump capacity data if available.
2016-10-01,54420.78286631539,62584,Assumed: max delivery = 1.15 * baseline irrigation demand. Replace with canal/pump capacity data if available.
2016-11-01,31094.64832054063,35759,Assumed: max delivery = 1.15 * baseline irrigation demand. Replace with canal/pump capacity data if available.
2016-12-01,15803.68367725245,18174,Assumed: max delivery = 1.15 * baseline irrigation demand. Replace with canal/pump capacity data if available.
2017-01-01,15803.68367725245,18174,Assumed: max delivery = 1.15 * baseline irrigation demand. Replace with canal/pump capacity data if available.
2017-02-01,14416.24266156526,16579,Assumed: max delivery = 1.15 * baseline irrigation demand. Replace with canal/pump capacity data if available.
2017-03-01,42537.74680802199,48918,Assumed: max delivery = 1.15 * baseline irrigation demand. Replace with canal/pump capacity data if available.
2017-04-01,43969.10564893109,50564,Assumed: max delivery = 1.15 * baseline irrigation demand. Replace with canal/pump capacity data if available.
2017-05-01,40942.52499044237,47084,Assumed: max delivery = 1.15 * baseline irrigation demand. Replace with canal/pump capacity data if available.
2017-06-01,61572.93163100723,70809,Assumed: max delivery = 1.15 * baseline irrigation demand. Replace with canal/pump capacity data if available.
2017-07-01,63365.59033500918,72870,Assumed: max delivery = 1.15 * baseline irrigation demand. Replace with canal/pump capacity data if available.
2017-08-01,38661.1942707616,44460,Assumed: max delivery = 1.15 * baseline irrigation demand. Replace with canal/pump capacity data if available.
2017-09-01,22794.7322029644,26214,Assumed: max delivery = 1.15 * baseline irrigation demand. Replace with canal/pump capacity data if available.
2017-10-01,26329.44533046504,30279,Assumed: max delivery = 1.15 * baseline irrigation demand. Replace with canal/pump capacity data if available.
2017-11-01,16254.11736012715,18692,Assumed: max delivery = 1.15 * baseline irrigation demand. Replace with canal/pump capacity data if available.
2017-12-01,12887.02499073604,14820,Assumed: max delivery = 1.15 * baseline irrigation demand. Replace with canal/pump capacity data if available.
2018-01-01,12887.02499073604,14820,Assumed: max delivery = 1.15 * baseline irrigation demand. Replace with canal/pump capacity data if available.
2018-02-01,11781.84126729238,13549,Assumed: max delivery = 1.15 * baseline irrigation demand. Replace with canal/pump capacity data if available.
2018-03-01,27124.10206609532,31193,Assumed: max delivery = 1.15 * baseline irrigation demand. Replace with canal/pump capacity data if available.
2018-04-01,29904.29620876042,34390,Assumed: max delivery = 1.15 * baseline irrigation demand. Replace with canal/pump capacity data if available.
2018-05-01,60012.58187127105,69014,Assumed: max delivery = 1.15 * baseline irrigation demand. Replace with canal/pump capacity data if available.
2018-06-01,59341.7089260345,68243,Assumed: max delivery = 1.15 * baseline irrigation demand. Replace with canal/pump capacity data if available.
2018-07-01,61058.22923330135,70217,Assumed: max delivery = 1.15 * baseline irrigation demand. Replace with canal/pump capacity data if available.
2018-08-01,59449.87691383196,68367,Assumed: max delivery = 1.15 * baseline irrigation demand. Replace with canal/pump capacity data if available.
2018-09-01,59558.69222264506,68492,Assumed: max delivery = 1.15 * baseline irrigation demand. Replace with canal/pump capacity data if available.
2018-10-01,42129.24387772534,48449,Assumed: max delivery = 1.15 * baseline irrigation demand. Replace with canal/pump capacity data if available.
2018-11-01,23104.73209865018,26570,Assumed: max delivery = 1.15 * baseline irrigation demand. Replace with canal/pump capacity data if available.
2018-12-01,11474.00814457418,13195,Assumed: max delivery = 1.15 * baseline irrigation demand. Replace with canal/pump capacity data if available.
2019-01-01,11474.00814457418,13195,Assumed: max delivery = 1.15 * baseline irrigation demand. Replace with canal/pump capacity data if available.
2019-02-01,10505.56798688811,12081,Assumed: max delivery = 1.15 * baseline irrigation demand. Replace with canal/pump capacity data if available.
2019-03-01,28580.65413940301,32868,Assumed: max delivery = 1.15 * baseline irrigation demand. Replace with canal/pump capacity data if available.
2019-04-01,35291.05850366741,40585,Assumed: max delivery = 1.15 * baseline irrigation demand. Replace with canal/pump capacity data if available.
2019-05-01,45691.54541601146,52545,Assumed: max delivery = 1.15 * baseline irrigation demand. Replace with canal/pump capacity data if available.
2019-06-01,40959.18627157466,47103,Assumed: max delivery = 1.15 * baseline irrigation demand. Replace with canal/pump capacity data if available.
2019-07-01,42324.49248062716,48673,Assumed: max delivery = 1.15 * baseline irrigation demand. Replace with canal/pump capacity data if available.
2019-08-01,40495.21455514214,46569,Assumed: max delivery = 1.15 * baseline irrigation demand. Replace with canal/pump capacity data if available.
2019-09-01,43909.14788849951,50496,Assumed: max delivery = 1.15 * baseline irrigation demand. Replace with canal/pump capacity data if available.
2019-10-01,52745.18328448483,60657,Assumed: max delivery = 1.15 * baseline irrigation demand. Replace with canal/pump capacity data if available.
2019-11-01,30535.95462616399,35116,Assumed: max delivery = 1.15 * baseline irrigation demand. Replace with canal/pump capacity data if available.
2019-12-01,14952.63965333458,17196,Assumed: max delivery = 1.15 * baseline irrigation demand. Replace with canal/pump capacity data if available.
2020-01-01,14952.63965333458,17196,Assumed: max delivery = 1.15 * baseline irrigation demand. Replace with canal/pump capacity data if available.
2020-02-01,14144.88035976558,16267,Assumed: max delivery = 1.15 * baseline irrigation demand. Replace with canal/pump capacity data if available.
2020-03-01,27350.79371160475,31453,Assumed: max delivery = 1.15 * baseline irrigation demand. Replace with canal/pump capacity data if available.
2020-04-01,40244.12892627683,46281,Assumed: max delivery = 1.15 * baseline irrigation demand. Replace with canal/pump capacity data if available.
2020-05-01,43897.88714393765,50483,Assumed: max delivery = 1.15 * baseline irrigation demand. Replace with canal/pump capacity data if available.
2020-06-01,69388.88906728903,79797,Assumed: max delivery = 1.15 * baseline irrigation demand. Replace with canal/pump capacity data if available.
2020-07-01,69874.06829074412,80355,Assumed: max delivery = 1.15 * baseline irrigation demand. Replace with canal/pump capacity data if available.
2020-08-01,57907.09425468912,66593,Assumed: max delivery = 1.15 * baseline irrigation demand. Replace with canal/pump capacity data if available.
2020-09-01,35940.81421647404,41332,Assumed: max delivery = 1.15 * baseline irrigation demand. Replace with canal/pump capacity data if available.
2020-10-01,42380.35228054926,48737,Assumed: max delivery = 1.15 * baseline irrigation demand. Replace with canal/pump capacity data if available.
2020-11-01,20321.63530738986,23370,Assumed: max delivery = 1.15 * baseline irrigation demand. Replace with canal/pump capacity data if available.
2020-12-01,11474.00814457418,13195,Assumed: max delivery = 1.15 * baseline irrigation demand. Replace with canal/pump capacity data if available.
2021-01-01,11474.00814457418,13195,Assumed: max delivery = 1.15 * baseline irrigation demand. Replace with canal/pump capacity data if available.
2021-02-01,10505.56798688811,12081,Assumed: max delivery = 1.15 * baseline irrigation demand. Replace with canal/pump capacity data if available.
2021-03-01,32651.68389540951,37549,Assumed: max delivery = 1.15 * baseline irrigation demand. Replace with canal/pump capacity data if available.
2021-04-01,42268.04662028626,48608,Assumed: max delivery = 1.15 * baseline irrigation demand. Replace with canal/pump capacity data if available.
2021-05-01,46296.6790239207,53241,Assumed: max delivery = 1.15 * baseline irrigation demand. Replace with canal/pump capacity data if available.
2021-06-01,65395.22795903761,75205,Assumed: max delivery = 1.15 * baseline irrigation demand. Replace with canal/pump capacity data if available.
2021-07-01,67575.06889100553,77711,Assumed: max delivery = 1.15 * baseline irrigation demand. Replace with canal/pump capacity data if available.
2021-08-01,36935.91432420659,42476,Assumed: max delivery = 1.15 * baseline irrigation demand. Replace with canal/pump capacity data if available.
2021-09-01,29888.16203958679,34371,Assumed: max delivery = 1.15 * baseline irrigation demand. Replace with canal/pump capacity data if available.
2021-10-01,36955.61515583401,42499,Assumed: max delivery = 1.15 * baseline irrigation demand. Replace with canal/pump capacity data if available.
2021-11-01,21101.05993959889,24266,Assumed: max delivery = 1.15 * baseline irrigation demand. Replace with canal/pump capacity data if available.
2021-12-01,12279.41359785684,14121,Assumed: max delivery = 1.15 * baseline irrigation demand. Replace with canal/pump capacity data if available.
2022-01-01,12279.41359785684,14121,Assumed: max delivery = 1.15 * baseline irrigation demand. Replace with canal/pump capacity data if available.
2022-02-01,11233.03097694988,12918,Assumed: max delivery = 1.15 * baseline irrigation demand. Replace with canal/pump capacity data if available.
2022-03-01,21862.42463660285,25142,Assumed: max delivery = 1.15 * baseline irrigation demand. Replace with canal/pump capacity data if available.
2022-04-01,38979.22672578941,44826,Assumed: max delivery = 1.15 * baseline irrigation demand. Replace with canal/pump capacity data if available.
2022-05-01,45177.53447195959,51954,Assumed: max delivery = 1.15 * baseline irrigation demand. Replace with canal/pump capacity data if available.
2022-06-01,72178.53846169286,83005,Assumed: max delivery = 1.15 * baseline irrigation demand. Replace with canal/pump capacity data if available.
2022-07-01,74324.71739338434,85473,Assumed: max delivery = 1.15 * baseline irrigation demand. Replace with canal/pump capacity data if available.
2022-08-01,64086.82718231137,73700,Assumed: max delivery = 1.15 * baseline irrigation demand. Replace with canal/pump capacity data if available.
2022-09-01,32717.26846219651,37625,Assumed: max delivery = 1.15 * baseline irrigation demand. Replace with canal/pump capacity data if available.
2022-10-01,39856.44159145522,45835,Assumed: max delivery = 1.15 * baseline irrigation demand. Replace with canal/pump capacity data if available.
2022-11-01,23856.45676844503,27435,Assumed: max delivery = 1.15 * baseline irrigation demand. Replace with canal/pump capacity data if available.
2022-12-01,15300.37474842033,17595,Assumed: max delivery = 1.15 * baseline irrigation demand. Replace with canal/pump capacity data if available.
2023-01-01,15300.37474842033,17595,Assumed: max delivery = 1.15 * baseline irrigation demand. Replace with canal/pump capacity data if available.
2023-02-01,13961.64104842657,16056,Assumed: max delivery = 1.15 * baseline irrigation demand. Replace with canal/pump capacity data if available.
2023-03-01,39645.59401279376,45592,Assumed: max delivery = 1.15 * baseline irrigation demand. Replace with canal/pump capacity data if available.
2023-04-01,38983.86855266576,44831,Assumed: max delivery = 1.15 * baseline irrigation demand. Replace with canal/pump capacity data if available.
2023-05-01,35943.36071921197,41335,Assumed: max delivery = 1.15 * baseline irrigation demand. Replace with canal/pump capacity data if available.
2023-06-01,33964.59967904215,39059,Assumed: max delivery = 1.15 * baseline irrigation demand. Replace with canal/pump capacity data if available.
2023-07-01,35096.75300167689,40361,Assumed: max delivery = 1.15 * baseline irrigation demand. Replace with canal/pump capacity data if available.
2023-08-01,25248.76049010282,29036,Assumed: max delivery = 1.15 * baseline irrigation demand. Replace with canal/pump capacity data if available.
2023-09-01,24652.29406941597,28350,Assumed: max delivery = 1.15 * baseline irrigation demand. Replace with canal/pump capacity data if available.
2023-10-01,29726.70654730305,34186,Assumed: max delivery = 1.15 * baseline irrigation demand. Replace with canal/pump capacity data if available.
2023-11-01,20592.31902243522,23681,Assumed: max delivery = 1.15 * baseline irrigation demand. Replace with canal/pump capacity data if available.
2023-12-01,17643.56058151639,20290,Assumed: max delivery = 1.15 * baseline irrigation demand. Replace with canal/pump capacity data if available.
2024-01-01,17643.56058151639,20290,Assumed: max delivery = 1.15 * baseline irrigation demand. Replace with canal/pump capacity data if available.
2024-02-01,16662.19348612921,19162,Assumed: max delivery = 1.15 * baseline irrigation demand. Replace with canal/pump capacity data if available.
2024-03-01,29502.05160489809,33927,Assumed: max delivery = 1.15 * baseline irrigation demand. Replace with canal/pump capacity data if available.
2024-04-01,29631.59955134524,34076,Assumed: max delivery = 1.15 * baseline irrigation demand. Replace with canal/pump capacity data if available.
2024-05-01,44426.96740740011,51091,Assumed: max delivery = 1.15 * baseline irrigation demand. Replace with canal/pump capacity data if available.
2024-06-01,86310.79618174973,99257,Assumed: max delivery = 1.15 * baseline irrigation demand. Replace with canal/pump capacity data if available.
2024-07-01,85971.1765611414,98867,Assumed: max delivery = 1.15 * baseline irrigation demand. Replace with canal/pump capacity data if available.
2024-08-01,65212.50202842534,74994,Assumed: max delivery = 1.15 * baseline irrigation demand. Replace with canal/pump capacity data if available.
2024-09-01,41270.89188392062,47462,Assumed: max delivery = 1.15 * baseline irrigation demand. Replace with canal/pump capacity data if available.
2024-10-01,40854.13112896829,46982,Assumed: max delivery = 1.15 * baseline irrigation demand. Replace with canal/pump capacity data if available.
2024-11-01,24322.79431329965,27971,Assumed: max delivery = 1.15 * baseline irrigation demand. Replace with canal/pump capacity data if available.
2024-12-01,15602.47127287088,17943,Assumed: max delivery = 1.15 * baseline irrigation demand. Replace with canal/pump capacity data if available.
2025-01-01,15602.47127287088,17943,Assumed: max delivery = 1.15 * baseline irrigation demand. Replace with canal/pump capacity data if available.
2025-02-01,14234.50242534965,16370,Assumed: max delivery = 1.15 * baseline irrigation demand. Replace with canal/pump capacity data if available.
2025-03-01,41113.26803536462,47280,Assumed: max delivery = 1.15 * baseline irrigation demand. Replace with canal/pump capacity data if available.
2025-04-01,47949.45337230206,55142,Assumed: max delivery = 1.15 * baseline irrigation demand. Replace with canal/pump capacity data if available.
2025-05-01,50404.42988468154,57965,Assumed: max delivery = 1.15 * baseline irrigation demand. Replace with canal/pump capacity data if available.
2025-06-01,45701.73786787076,52557,Assumed: max delivery = 1.15 * baseline irrigation demand. Replace with canal/pump capacity data if available.
2025-07-01,47225.12913013312,54309,Assumed: max delivery = 1.15 * baseline irrigation demand. Replace with canal/pump capacity data if available.
2025-08-01,37146.11455727158,42718,Assumed: max delivery = 1.15 * baseline irrigation demand. Replace with canal/pump capacity data if available.
2025-09-01,36933.33191903993,42473,Assumed: max delivery = 1.15 * baseline irrigation demand. Replace with canal/pump capacity data if available.
2025-10-01,28964.26648656902,33309,Assumed: max delivery = 1.15 * baseline irrigation demand. Replace with canal/pump capacity data if available.
2025-11-01,10696.95140643122,12301,Assumed: max delivery = 1.15 * baseline irrigation demand. Replace with canal/pump capacity data if available.
2025-12-01,511.8547887773723,589,Assumed: max delivery = 1.15 * baseline irrigation demand. Replace with canal/pump capacity data if available.
